Workbook

Sheet Summary PO Permit
A1: Summary PO RT/RW (CLUSTER NAME)
A2: Permit | B2: 7650000
A3: (Permit + PPh 2.65%) | B3: =B2+(B2*2.65%) -> 7852725

Sheet BoQ NRO Cluster
A1: DISTRIBUSI - SUBFEEEDER | N1: AS PLAN
A2: BOQ GPON FTTH FOR OPTICAL DISTRIBUTION NETWORK (ODN) | N2: OLT Name
A3: PT. EKA MAS REPUBLIK ODN, OSP, Aktivasi, Instalasi, Integrasi, Testing & Dokumentasi | N3: Cluster | O3: APD - RANCA PANGGUNG RW 08
A4: PROJECT ROLL OUT 2024 | N4: Net Type | O4: Aerial
N5: HP | O5: 118
A6: No | B6: Description/Item | C6: Unit | D6: Material Qty | E6: Service Qty | F6: Material Price | G6: Service Price | H6: Total Material Price | I6: Total Service Price | J6: Total Price | M6: Koreksi No Material | N6: No Material | O6: Short Text/Description SAP | P6: Remarks | Q6: Service
A7: 1 | B7: Pengamanan & Persiapan
A8: 1.1 | B8: Pengamanan Perizinan dan K3 | C8: ls | E8: 1 | L8: =F8+G8 -> 0 | N8: 500004774 | O8: PENGAMANAN PERIZINAN DAN K3 (Cluster Only) | P8: Material | Q8: Vendor
A9: 1.2 | B9: Transportasi, Mobilisasi & demobilisasi | C9: ls | E9: 1 | H9: =D9*F9 -> 0 | K9: =D9+E9 -> 1 | L9: =F9+G9 -> 0 | N9: 500003890 | O9: TRANSPORTASI, MOBILISASI DAN DEMOBILISASI | P9: Material | Q9: Vendor
A10: Sub Total Preparation | H10: =SUM(H8:H8) -> 0 | I10: =SUM(I8:I8) -> 0 | J10: =H10+I10 -> 0
A12: 2 | B12: ODN, OSP, Aktivasi, Instalasi, termasuk ATP Civil Work, Integrasi, Testing & Dokumentasi
A13: 2.1 | B13: ODN
A14: A | B14: FO core type SM G.652.D-ADSS (Aerial dan Underground)
B15: FO core type SM G.652.D-ADSS 24 cores | C15: meter | D15: =E16 -> 1276 | H15: =D15*F15 -> 0 | I15: =E15*G15 -> 0 | K15: =D15+E15 -> 1276 | L15: =F15+G15 -> 0 | N15: 200000100 | O15: FO TYPE SM G.652.D-ADSS 24 CORES | P15: Material | Q15: Internal
B16: Instal FO core type SM G.652.D-ADSS 24 cores | C16: meter | E16: =SUM('BoM AE'!C16:C19) -> 1276 | H16: =D16*F16 -> 0 | I16: =E16*G16 -> 0 | K16: =D16+E16 -> 1276 | L16: =F16+G16 -> 0 | N16: 500002050 | O16: INSTAL FO TYPE SM G.652.D-ADSS 24 CORES | P16: Service | Q16: Vendor
B17: FO core type SM G.652.D-ADSS 36 cores | C17: meter | D17: =E18 -> 0 | H17: =D17*F17 -> 0 | I17: =E17*G17 -> 0 | K17: =D17+E17 -> 0 | L17: =F17+G17 -> 0 | N17: 200000975 | O17: FO TYPE SM G.652.D-ADSS 36 CORES | P17: Material | Q17: Internal
B18: Instal FO core type SM G.652.D-ADSS 36 cores | C18: meter | E18: =SUM('BoM AE'!C20:C23) -> 0 | H18: =D18*F18 -> 0 | I18: =E18*G18 -> 0 | K18: =D18+E18 -> 0 | L18: =F18+G18 -> 0 | N18: 500002051 | O18: INSTAL FO TYPE SM G.652.D-ADSS 36 CORES | P18: Service | Q18: Vendor
B19: FO core type SM G.652.D-ADSS 48 cores | C19: meter | D19: =E20 -> 0 | H19: =D19*F19 -> 0 | I19: =E19*G19 -> 0 | K19: =D19+E19 -> 0 | L19: =F19+G19 -> 0 | N19: 200001038 | O19: FO TYPE SM G.652.D-ADSS 48 CORES | P19: Material | Q19: Internal
B20: Instal FO core type SM G.652.D-ADSS 48 cores | C20: meter | E20: =SUM('BoM AE'!C24:C27) -> 0 | H20: =D20*F20 -> 0 | I20: =E20*G20 -> 0 | K20: =D20+E20 -> 0 | L20: =F20+G20 -> 0 | N20: 500002052 | O20: INSTAL FO TYPE SM G.652.D-ADSS 48 CORES | P20: Service | Q20: Vendor
B21: FO core type SM G.652.D-ADSS 72 cores | C21: meter | N21: 200001970 | O21: FO TYPE SM G.652.D-ADSS 72 CORES | P21: Material | Q21: Internal
B22: Instal FO core type SM G.652.D-ADSS 72 cores | C22: meter | N22: 500003410 | O22: INSTAL FO TYPE SM G.652.D-ADSS 72 CORES | P22: Service | Q22: Vendor
B23: FO core type SM G.652.D-ADSS 96 cores | C23: meter | N23: 200001630 | O23: FO TYPE SM G.652.D-ADSS 96 CORES | P23: Material | Q23: Internal
B24: Instal FO core type SM G.652.D-ADSS 96 cores | C24: meter | N24: 500002890 | O24: INSTAL FO TYPE SM G.652.D-ADSS 96 CORES | P24: Service | Q24: Vendor
B25: FO core type SM G.652.D-ADSS 144 cores | C25: meter | H25: =D25*F25 -> 0 | I25: =E25*G25 -> 0 | K25: =D25+E25 -> 0 | L25: =F25+G25 -> 0 | N25: 200001030 | O25: FO TYPE SM G.652.D-ADSS 144 CORES | P25: Material | Q25: Internal
B26: Instal FO core type SM G.652.D-ADSS 144 cores | C26: meter | H26: =D26*F26 -> 0 | I26: =E26*G26 -> 0 | K26: =D26+E26 -> 0 | L26: =F26+G26 -> 0 | N26: 500002088 | O26: INSTAL FO TYPE SM G.652.D-ADSS 144 CORES | P26: Service | Q26: Vendor
B27: FO core type SM G.652.D-ADSS 288 cores | C27: meter | H27: =D27*F27 -> 0 | I27: =E27*G27 -> 0 | K27: =D27+E27 -> 0 | L27: =F27+G27 -> 0 | N27: 200001015 | O27: FO TYPE SM G.652.D-ADSS 288 CORES | P27: Material | Q27: Internal
B28: Instal FO core type SM G.652.D-ADSS 288 cores | C28: meter | H28: =D28*F28 -> 0 | I28: =E28*G28 -> 0 | K28: =D28+E28 -> 0 | L28: =F28+G28 -> 0 | N28: 500002089 | O28: INSTAL FO TYPE SM G.652.D-ADSS 288 CORES | P28: Service | Q28: Vendor
B29: Round Cable 1C - 50 m | C29: set | N29: 200002668 | O29: ROUND CABLE 1C - 50 M | P29: Material
B30: Install Round Cable 1C - 50 m | C30: set | N30: 500004722 | O30: INSTALL ROUND CABLE 1C - 50 M | P30: Service
B31: Round Cable 1C - 100 m | C31: set | N31: 200002669 | O31: ROUND CABLE 1C - 100 M | P31: Material
B32: Install Round Cable 1C - 100 m | C32: set | N32: 500004723 | O32: INSTALL ROUND CABLE 1C - 100 M | P32: Service
B33: Round Cable 1C - 150 m | C33: set | N33: 200002670 | O33: ROUND CABLE 1C - 150 M | P33: Material
B34: Install Round Cable 1C - 150 m | C34: set | N34: 500004724 | O34: INSTALL ROUND CABLE 1C - 150 M | P34: Service
B35: Round Cable 1C - 200 m | C35: set | N35: 200002671 | O35: ROUND CABLE 1C - 200 M | P35: Material
B36: Install Round Cable 1C - 200 m | C36: set | N36: 500004725 | O36: INSTALL ROUND CABLE 1C - 200 M | P36: Service
B37: Round Cable 1C - 250 m | C37: set | N37: 200002713 | O37: ROUND CABLE 1C - 250 M | P37: Material
B38: Install Round Cable 1C - 250 m | C38: set | N38: 500004777 | O38: INSTALL ROUND CABLE 1C - 250 M | P38: Service
B39: Round Cable 1C - 300 m | C39: set | N39: 200002714 | O39: ROUND CABLE 1C - 300 M | P39: Material
B40: Install Round Cable 1C - 300 m | C40: set | N40: 500004778 | O40: INSTALL ROUND CABLE 1C - 300 M | P40: Service
A41: B | B41: Fiber Distribution Terminal (FDT) SC/APC c/w Box, matrix terminal, Patchtray, Pigtail, label & accessories include concrete base | H41: =D41*F41 -> 0 | I41: =E41*G41 -> 0 | K41: =D41+E41 -> 0 | L41: =F41+G41 -> 0
B42: 48 cores capacity pole mounted FDT | C42: set | D42: =E43 -> 1 | H42: =D42*F42 -> 0 | I42: =E42*G42 -> 0 | K42: =D42+E42 -> 1 | L42: =F42+G42 -> 0 | N42: 200001039 | O42: 48 CORES CAPACITY POLE MOUNTED FDT | P42: Material
B43: Instal 48 cores capacity pole mounted FDT | C43: set | E43: ='BoM AE'!C30 -> 1 | I43: =E43*G43 -> 0 | K43: =D43+E43 -> 1 | L43: =F43+G43 -> 0 | N43: 500002053 | O43: INSTAL 48 CORES CAPACITY POLE FDT | P43: Service
B44: 72 cores capacity pole mounted FDT | C44: set | D44: =E45 -> 0 | H44: =D44*F44 -> 0 | I44: =E44*G44 -> 0 | K44: =D44+E44 -> 0 | L44: =F44+G44 -> 0 | N44: 200001040 | O44: 72 CORES CAPACITY POLE MOUNTED FDT | P44: Material
B45: Instal 72 cores capacity pole mounted FDT | C45: set | E45: ='BoM AE'!C31 -> 0 | H45: =D45*F45 -> 0 | I45: =E45*G45 -> 0 | K45: =D45+E45 -> 0 | L45: =F45+G45 -> 0 | N45: 500002054 | O45: INSTAL 72 CORES CAPACITY POLE FDT | P45: Service
B46: 96 cores capacity pole mounted FDT | C46: set | D46: =E47 -> 0 | H46: =D46*F46 -> 0 | I46: =E46*G46 -> 0 | K46: =D46+E46 -> 0 | L46: =F46+G46 -> 0 | N46: 200001041 | O46: 96 CORES CAPACITY POLE MOUNTED FDT | P46: Material
B47: Instal 96 cores capacity pole mounted FDT | C47: set | E47: ='BoM AE'!C32 -> 0 | H47: =D47*F47 -> 0 | I47: =E47*G47 -> 0 | K47: =D47+E47 -> 0 | L47: =F47+G47 -> 0 | N47: 500002055 | O47: INSTAL 96 CORES CAPACITY POLE FDT | P47: Service
B48: 144 cores capacity ground mounted FDT | C48: set | D48: =E49 -> 0 | H48: =D48*F48 -> 0 | I48: =E48*G48 -> 0 | K48: =D48+E48 -> 0 | L48: =F48+G48 -> 0 | N48: 200001042 | O48: 144 CORES CAPACITY GROUND MOUNTED FDT | P48: Material
B49: Instal 144 cores capacity pole mounted FDT | C49: set | E49: ='BoM AE'!C33 -> 0 | H49: =D49*F49 -> 0 | I49: =E49*G49 -> 0 | K49: =D49+E49 -> 0 | L49: =F49+G49 -> 0 | N49: 500002062 | O49: INSTAL 144 CORES CAPACITY POLE FDT | P49: Service
B50: 288 cores capacity ground mounted FDT | C50: set | H50: =D50*F50 -> 0 | I50: =E50*G50 -> 0 | K50: =D50+E50 -> 0 | L50: =F50+G50 -> 0 | N50: 200001043 | O50: 288 CORES CAPACITY GROUND MOUNTED FDT | P50: Material
B51: Instal 288 cores capacity pole mounted FDT | C51: set | H51: =D51*F51 -> 0 | I51: =E51*G51 -> 0 | K51: =D51+E51 -> 0 | L51: =F51+G51 -> 0 | N51: 500002073 | O51: INSTAL 288 CORES CAPACITY POLE FDT | P51: Service
B52: 576 cores capacity ground mounted FDT | C52: set | H52: =D52*F52 -> 0 | I52: =E52*G52 -> 0 | K52: =D52+E52 -> 0 | L52: =F52+G52 -> 0 | N52: 200001044 | O52: 576 CORES CAPACITY GROUND MOUNTED FDT | P52: Material
B53: Instal 576 cores capacity pole mounted FDT | C53: set | H53: =D53*F53 -> 0 | I53: =E53*G53 -> 0 | K53: =D53+E53 -> 0 | L53: =F53+G53 -> 0 | N53: 500002084 | O53: INSTAL 576 CORES CAPACITY POLE FDT | P53: Service
B54: Hub Box (With Splitter 1:2 Even) | C54: unit | N54: 200002672 | O54: HUB BOX (WITH SPLITTER 1:2 EVEN) | P54: Material
B55: Install Hub Box (With Splitter 1:2 Even) | C55: unit | N55: 500004726 | O55: INSTALL HUB BOX (WITH SPLITTER 1:2 EVEN) | P55: Service
A56: C | B56: Optical Splitter (Bracket Mount Type, SC/APC) | H56: =D56*F56 -> 0 | I56: =E56*G56 -> 0 | K56: =D56+E56 -> 0 | L56: =F56+G56 -> 0
B57: Splitter 1:4 | C57: unit | H57: =D57*F57 -> 0 | I57: =E57*G57 -> 0 | K57: =D57+E57 -> 0 | L57: =F57+G57 -> 0 | N57: 100000191 | O57: OPTIC SPLITTER 1:4 WITH SC/APC PIGTAILS | P57: Material
B58: Splitter 1:8 (Modular) | C58: unit | H58: =D58*F58 -> 0 | I58: =E58*G58 -> 0 | K58: =D58+E58 -> 0 | L58: =F58+G58 -> 0 | N58: 100000826 | O58: SPLITTER 1:8 | P58: Material
A59: D | B59: Micro Splitter (PLC Type) | H59: =D59*F59 -> 0 | I59: =E59*G59 -> 0 | K59: =D59+E59 -> 0 | L59: =F59+G59 -> 0
B60: Micro Splitter 1:4 | C60: unit | H60: =D60*F60 -> 0 | I60: =E60*G60 -> 0 | K60: =D60+E60 -> 0 | L60: =F60+G60 -> 0 | N60: 200001045 | O60: MICRO SPLITTER PLC TYPE 1:4 | P60: Material
B61: Micro Splitter 1:8 | C61: unit | H61: =D61*F61 -> 0 | I61: =E61*G61 -> 0 | K61: =D61+E61 -> 0 | L61: =F61+G61 -> 0 | N61: 200001046 | O61: MICRO SPLITTER PLC TYPE 1:8 | P61: Material
A62: E | B62: Fiber Access Terminal (FAT) c/w adapter, pigtail SC/APC, label & accessories | H62: =D62*F62 -> 0 | I62: =E62*G62 -> 0 | K62: =D62+E62 -> 0 | L62: =F62+G62 -> 0
B63: Pole mounted outdoor type (16 ports type) | C63: unit | D63: =E64 -> 10 | H63: =D63*F63 -> 0 | I63: =E63*G63 -> 0 | K63: =D63+E63 -> 10 | L63: =F63+G63 -> 0 | N63: 200001047 | O63: FAT POLE MOUNTED TYPE (16 PORTS) | P63: Material
B64: Instal Pole mounted outdoor type (16 ports type) Pole | C64: unit | E64: =SUM('BoM AE'!C36:C39) -> 10 | H64: =D64*F64 -> 0 | I64: =E64*G64 -> 0 | K64: =D64+E64 -> 10 | L64: =F64+G64 -> 0 | M64: 500002142 | N64: 500002142 | O64: INSTAL FAT POLE MOUNTED TYPE (16 PORTS) | P64: Service
B65: Pedestal ground mounted type (16 ports type) | C65: unit | H65: =D65*F65 -> 0 | I65: =E65*G65 -> 0 | K65: =D65+E65 -> 0 | L65: =F65+G65 -> 0 | N65: 100000824 | O65: PEDESTAL MOUNTED TYPE (16 PORTS) | P65: Material
B66: Instal Ground mounted outdoor type (16 ports type) | C66: unit | E66: ='BoM AE'!C94 -> 0 | H66: =D66*F66 -> 0 | I66: =E66*G66 -> 0 | K66: =D66+E66 -> 0 | L66: =F66+G66 -> 0 | N66: 500002097 | O66: INSTAL FAT POLE MOUNTED TYPE (16 PORTS) | P66: Service
B67: Instalasi FAT Underground 8 Port | C67: unit | N67: 500004720 | O67: INSTALASI FAT UNDERGROUND 8 PORT | P67: Service
B68: Instalasi FAT Underground 16 Port | C68: unit | N68: 500004721 | O68: INSTALASI FAT UNDERGROUND 16 PORT | P68: Service
B69: Sub Box (With Splitter 1:9, Uneven 70/30) | C69: unit | N69: 200002673 | O69: SUB BOX (WITH SPLITTER 1:9, UNEVEN 70/30 | P69: Material
B70: Install Sub Box (With Splitter 1:9, Uneven) | C70: unit | N70: 500004727 | O70: INSTALL SUB BOX (WITHSPLITTER1:9,UNEVEN) | P70: Service
B71: End Box (With Splitter 1:8, Even) | C71: unit | N71: 200002674 | O71: END BOX (WITH SPLITTER 1:8, EVEN) | P71: Material
B72: Install End Box (With Splitter 1:8, Even) | C72: unit | N72: 500004728 | O72: INSTALL END BOX (WITH SPLITTER 1:8, EVEN | P72: Service
A73: F | B73: Underground Pedestal SPH920 Signature Series Type include accessories & concrete base | C73: unit | H73: =D73*F73 -> 0 | I73: =E73*G73 -> 0 | K73: =D73+E73 -> 0 | L73: =F73+G73 -> 0 | N73: 200000165 | O73: PEDESTAL | P73: Material
B74: Instal Underground Pedestal SPH920 Signature Series Type include accessories & concrete base | C74: unit | H74: =D74*F74 -> 0 | I74: =E74*G74 -> 0 | K74: =D74+E74 -> 0 | L74: =F74+G74 -> 0 | N74: 500002113 | O74: Instal PEDESTAL | P74: Service
A75: G | B75: Joint Closure | C75: unit | H75: =D75*F75 -> 0 | I75: =E75*G75 -> 0 | K75: =D75+E75 -> 0 | L75: =F75+G75 -> 0
B76: Fiber Optic Joint Closure Type In-line 24 Core | C76: unit | H76: =D76*F76 -> 0 | I76: =E76*G76 -> 0 | K76: =D76+E76 -> 0 | L76: =F76+G76 -> 0 | N76: 200000182 | O76: FO JOINT CLOSURE TYPE IN-LINE 24 CORE | P76: Material
B77: Fiber Optic Joint Closure Type In-line 36 Core | C77: unit | H77: =D77*F77 -> 0 | I77: =E77*G77 -> 0 | K77: =D77+E77 -> 0 | L77: =F77+G77 -> 0 | N77: 200001048 | O77: FO JOINT CLOSURE TYPE INLINE 36C | P77: Material
B78: Fiber Optic Joint Closure Type In-line 48 Core | C78: unit | H78: =D78*F78 -> 0 | I78: =E78*G78 -> 0 | K78: =D78+E78 -> 0 | L78: =F78+G78 -> 0 | N78: 200000159 | O78: FO JOINT CLOSURE TYPE IN-LINE 48 CORE | P78: Material
B79: Fiber Optic Joint Closure Type In-line 72 Core | C79: unit | H79: - | I79: - | N79: 200000174 | O79: FO JOINT CLOSURE TYPE IN-LINE 72 CORE
B80: Fiber Optic Joint Closure Type In-line 96 Core | C80: unit | H80: =D80*F80 -> 0 | I80: =E80*G80 -> 0 | K80: =D80+E80 -> 0 | L80: =F80+G80 -> 0 | N80: 200000179 | O80: FO JOINT CLOSURE TYPE IN-LINE 96 CORE | P80: Material
B81: Fiber Optic Joint Closure Type In-line 144 Core | C81: unit | H81: =D81*F81 -> 0 | I81: =E81*G81 -> 0 | K81: =D81+E81 -> 0 | L81: =F81+G81 -> 0 | N81: 200000186 | O81: FO JOINT CLOSURE TYPE IN-LINE 144 CORE | P81: Material
B82: Fiber Optic Joint Closure Type Inline 288 Core | C82: unit | H82: =D82*F82 -> 0 | I82: =E82*G82 -> 0 | K82: =D82+E82 -> 0 | L82: =F82+G82 -> 0 | N82: 200000155 | O82: FO JOINT CLOSURE TYPE IN-LINE 288 CORE | P82: Material
B83: Fiber Optic Joint Closure Type Dome 24 Core | C83: unit | H83: =D83*F83 -> 0 | I83: =E83*G83 -> 0 | K83: =D83+E83 -> 0 | L83: =F83+G83 -> 0 | N83: 200000180 | O83: FO JOINT CLOSURE TYPE DOME 24 CORE | P83: Material
B84: Fiber Optic Joint Closure Type Dome 36 Core | C84: unit | H84: =D84*F84 -> 0 | I84: =E84*G84 -> 0 | K84: =D84+E84 -> 0 | L84: =F84+G84 -> 0 | N84: 200001049 | O84: FO JOINT CLOSURE TYPE DOME 36C | P84: Material
B85: Fiber Optic Joint Closure Type Dome 48 Core | C85: unit | H85: =D85*F85 -> 0 | I85: =E85*G85 -> 0 | K85: =D85+E85 -> 0 | L85: =F85+G85 -> 0 | N85: 200000164 | O85: FO JOINT CLOSURE TYPE DOME 48 CORE | P85: Material
B86: Fiber Optic Joint Closure Type Dome 72 Core | C86: unit | H86: - | I86: - | N86: 200000178 | O86: FO JOINT CLOSURE TYPE DOME 72 CORE
B87: Fiber Optic Joint Closure Type Dome 96 Core | C87: unit | H87: =D87*F87 -> 0 | I87: =E87*G87 -> 0 | K87: =D87+E87 -> 0 | L87: =F87+G87 -> 0 | N87: 200000176 | O87: FO JOINT CLOSURE TYPE DOME 96 CORE | P87: Material
B88: Fiber Optic Joint Closure Type Dome 144 Core | C88: unit | N88: 200000158 | O88: FO JOINT CLOSURE TYPE DOME 144 CORE | P88: Material
B89: Fiber Optic Joint Closure Type Dome 288 Core | C89: unit | N89: 200000156 | O89: FO JOINT CLOSURE TYPE DOME 288 CORE | P89: Material
A90: H | B90: Pigtail SM SC/APC | C90: pcs | H90: =D90*F90 -> 0 | I90: =E90*G90 -> 0 | K90: =D90+E90 -> 0 | L90: =F90+G90 -> 0 | N90: 200002408 | O90: PIGTAIL - SC/APC SM 1.5M | P90: Material
A91: U | B91: Connector SC/APC | C91: pcs | H91: =D91*F91 -> 0 | I91: =E91*G91 -> 0 | K91: =D91+E91 -> 0 | L91: =F91+G91 -> 0 | N91: 200001009 | O91: CONNECTOR SC/APC | P91: Material
A92: J | B92: Splicing | C92: core | E92: ='BoM AE'!C73+'BoM AE'!C74 -> 20 | H92: =D92*F92 -> 0 | I92: =E92*G92 -> 0 | K92: =D92+E92 -> 20 | L92: =F92+G92 -> 0 | N92: 500000510 | O92: SPLICING FO | P92: Service
B93: Protector Sleeve | C93: pcs | H93: 0 | I93: 0 | K93: 0 | L93: 0 | N93: 200000232 | O93: Protector Sleeve | P93: Material | Q93: untuk HRB
A94: K | B94: Label Cable (on pole, in Handhole) | C94: pcs | D94: ='BoM AE'!C49 -> 2.7 | E94: =D94 -> 2.7 | H94: =D94*F94 -> 0 | I94: =E94*G94 -> 0 | K94: =D94+E94 -> 5.4 | L94: =F94+G94 -> 0 | N94: 200000290 | O94: LABEL KABEL | P94: Material
A95: L | B95: Label FDT | C95: pcs | D95: ='BoM AE'!C50 -> 1 | E95: =D95 -> 1 | H95: =D95*F95 -> 0 | I95: =E95*G95 -> 0 | K95: =D95+E95 -> 2 | L95: =F95+G95 -> 0 | N95: 200000273 | O95: LABEL FDT | P95: Material
A96: M | B96: Label FAT (include QR Code) | C96: pcs | D96: ='BoM AE'!C51 -> 10 | E96: =D96 -> 10 | H96: =D96*F96 -> 0 | I96: =E96*G96 -> 0 | K96: =D96+E96 -> 20 | L96: =F96+G96 -> 0 | N96: 200000288 | O96: LABEL FAT | P96: Material
A97: N | B97: Label Pole | C97: pcs | D97: ='BoM AE'!C52 -> 6 | E97: =D97 -> 6 | H97: =D97*F97 -> 0 | I97: =E97*G97 -> 0 | K97: =D97+E97 -> 12 | L97: =F97+G97 -> 0 | N97: 500001742 | O97: JASA PENGECETAN & LABEL TIANG BESERTA MA | P97: Material
A98: O | B98: Label Pedestal | C98: pcs | D98: ='BoM AE'!C93+'BoM AE'!C94 -> 0 | E98: =D98 -> 0 | H98: =D98*F98 -> 0 | I98: =E98*G98 -> 0 | K98: =D98+E98 -> 0 | L98: =F98+G98 -> 0 | N98: 200000802 | O98: LABEL PEDESTAL | P98: Material
A99: P | B99: Bridge and River crossing | C99: meter | H99: =D99*F99 -> 0 | I99: =E99*G99 -> 0 | K99: =D99+E99 -> 0 | L99: =F99+G99 -> 0
B100: River crossing by self support | C100: meter | H100: =D100*F100 -> 0 | I100: =E100*G100 -> 0 | K100: =D100+E100 -> 0 | L100: =F100+G100 -> 0 | N100: 200001028 | O100: RIVER CROSSING BY SELF SUPPORT | P100: Material
B101: River crossing by attach to existing bridge | C101: set | H101: =D101*F101 -> 0 | I101: =E101*G101 -> 0 | K101: =D101+E101 -> 0 | L101: =F101+G101 -> 0 | N101: 200001011 | O101: RIVER CROSSING BY ATTACH TO BRIDGE | P101: Material
...

Sheet BoQ NRO All Feeder
A1: DISTRIBUSI - SUBFEEEDER | N1: AS PLAN
A2: BOQ GPON FTTH FOR OPTICAL DISTRIBUTION NETWORK (ODN) | N2: OLT Name | O2: XXX
A3: PT. EKA MAS REPUBLIK ODN, OSP, Aktivasi, Instalasi, Integrasi, Testing & Dokumentasi | N3: Cluster | O3: XXX
A4: PROJECT ROLL OUT 2024 | N4: Net Type | O4: Aerial
N5: HP | O5: XXX
A6: No | B6: Description/Item | C6: Unit | D6: Material Qty | E6: Service Qty | F6: Material Price | G6: Service Price | H6: Total Material Price | I6: Total Service Price | J6: Total Price | M6: Koreksi No Material | N6: No Material | O6: Short Text/Description SAP | P6: Remarks | Q6: Service
A7: 1 | B7: Pengamanan & Persiapan
A8: 1.1 | B8: Pengamanan & Persiapan (Kesehatan dan Keselamatan Kerja) | C8: ls | E8: 1 | H8: =#REF!*F8 -> #REF! | K8: =#REF!+D8 -> #REF! | L8: =F8+G8 -> 0 | N8: 500003800 | O8: PENGAMANAN & PERSIAPAN | P8: Material | Q8: Vendor
A9: 1.2 | B9: Transportasi, Mobilisasi & demobilisasi | C9: ls | E9: 1 | H9: =D9*F9 -> 0 | K9: =D9+E9 -> 1 | L9: =F9+G9 -> 0 | N9: 500003890 | O9: TRANSPORTASI, MOBILISASI DAN DEMOBILISASI | P9: Material | Q9: Vendor
A10: Sub Total Preparation | H10: =SUM(H8:H8) -> #REF! | I10: =SUM(I8:I8) -> 0 | J10: =H10+I10 -> #REF!
A12: 2 | B12: ODN, OSP, Aktivasi, Instalasi, termasuk ATP Civil Work, Integrasi, Testing & Dokumentasi
A13: 2.1 | B13: ODN
A14: A | B14: FO core type SM G.652.D-ADSS (Aerial dan Underground)
B15: FO core type SM G.652.D-ADSS 24 cores | C15: meter | D15: =E16 -> 0 | H15: =D15*F15 -> 0 | I15: =E15*G15 -> 0 | K15: =D15+E15 -> 0 | L15: =F15+G15 -> 0 | N15: 200000100 | O15: FO TYPE SM G.652.D-ADSS 24 CORES | P15: Material | Q15: Internal
B16: Instal FO core type SM G.652.D-ADSS 24 cores | C16: meter | E16: =SUM('BoM AE'!J9) -> 0 | H16: =D16*F16 -> 0 | I16: =E16*G16 -> 0 | K16: =D16+E16 -> 0 | L16: =F16+G16 -> 0 | N16: 500002050 | O16: INSTAL FO TYPE SM G.652.D-ADSS 24 CORES | P16: Service | Q16: Vendor
B17: FO core type SM G.652.D-ADSS 36 cores | C17: meter | D17: =E18 -> 0 | H17: =D17*F17 -> 0 | I17: =E17*G17 -> 0 | K17: =D17+E17 -> 0 | L17: =F17+G17 -> 0 | N17: 200000975 | O17: FO TYPE SM G.652.D-ADSS 36 CORES | P17: Material | Q17: Internal
B18: Instal FO core type SM G.652.D-ADSS 36 cores | C18: meter | E18: =SUM('BoM AE'!J10) -> 0 | H18: =D18*F18 -> 0 | I18: =E18*G18 -> 0 | K18: =D18+E18 -> 0 | L18: =F18+G18 -> 0 | N18: 500002051 | O18: INSTAL FO TYPE SM G.652.D-ADSS 36 CORES | P18: Service | Q18: Vendor
B19: FO core type SM G.652.D-ADSS 48 cores | C19: meter | D19: =E20 -> 0 | H19: =D19*F19 -> 0 | I19: =E19*G19 -> 0 | K19: =D19+E19 -> 0 | L19: =F19+G19 -> 0 | N19: 200001038 | O19: FO TYPE SM G.652.D-ADSS 48 CORES | P19: Material | Q19: Internal
B20: Instal FO core type SM G.652.D-ADSS 48 cores | C20: meter | E20: =SUM('BoM AE'!J11) -> 0 | H20: =D20*F20 -> 0 | I20: =E20*G20 -> 0 | K20: =D20+E20 -> 0 | L20: =F20+G20 -> 0 | N20: 500002052 | O20: INSTAL FO TYPE SM G.652.D-ADSS 48 CORES | P20: Service | Q20: Vendor
B21: FO core type SM G.652.D-ADSS 72 cores | C21: meter | D21: =E22 -> 0 | N21: 200001970 | O21: FO TYPE SM G.652.D-ADSS 72 CORES | P21: Material | Q21: Internal
B22: Instal FO core type SM G.652.D-ADSS 72 cores | C22: meter | E22: =SUM('BoM AE'!J12) -> 0 | N22: 500003410 | O22: INSTAL FO TYPE SM G.652.D-ADSS 72 CORES | P22: Service | Q22: Vendor
B23: FO core type SM G.652.D-ADSS 96 cores | C23: meter | D23: =E24 -> 0 | N23: 200001630 | O23: FO TYPE SM G.652.D-ADSS 96 CORES | P23: Material | Q23: Internal
B24: Instal FO core type SM G.652.D-ADSS 96 cores | C24: meter | E24: =SUM('BoM AE'!J13) -> 0 | N24: 500002890 | O24: INSTAL FO TYPE SM G.652.D-ADSS 96 CORES | P24: Service | Q24: Vendor
B25: FO core type SM G.652.D-ADSS 144 cores | C25: meter | D25: =E26 -> 0 | H25: =D25*F25 -> 0 | I25: =E25*G25 -> 0 | K25: =D25+E25 -> 0 | L25: =F25+G25 -> 0 | N25: 200001030 | O25: FO TYPE SM G.652.D-ADSS 144 CORES | P25: Material | Q25: Internal
B26: Instal FO core type SM G.652.D-ADSS 144 cores | C26: meter | E26: =SUM('BoM AE'!J14) -> 0 | H26: =D26*F26 -> 0 | I26: =E26*G26 -> 0 | K26: =D26+E26 -> 0 | L26: =F26+G26 -> 0 | N26: 500002088 | O26: INSTAL FO TYPE SM G.652.D-ADSS 144 CORES | P26: Service | Q26: Vendor
B27: FO core type SM G.652.D-ADSS 288 cores | C27: meter | D27: =E28 -> 0 | H27: =D27*F27 -> 0 | I27: =E27*G27 -> 0 | K27: =D27+E27 -> 0 | L27: =F27+G27 -> 0 | N27: 200001015 | O27: FO TYPE SM G.652.D-ADSS 288 CORES | P27: Material | Q27: Internal
B28: Instal FO core type SM G.652.D-ADSS 288 cores | C28: meter | E28: =SUM('BoM AE'!J15) -> 0 | H28: =D28*F28 -> 0 | I28: =E28*G28 -> 0 | K28: =D28+E28 -> 0 | L28: =F28+G28 -> 0 | N28: 500002089 | O28: INSTAL FO TYPE SM G.652.D-ADSS 288 CORES | P28: Service | Q28: Vendor
B29: Round Cable 1C - 50 m | C29: set | N29: 200002668 | O29: ROUND CABLE 1C - 50 M | P29: Material
B30: Install Round Cable 1C - 50 m | C30: set | N30: 500004722 | O30: INSTALL ROUND CABLE 1C - 50 M | P30: Service
B31: Round Cable 1C - 100 m | C31: set | N31: 200002669 | O31: ROUND CABLE 1C - 100 M | P31: Material
B32: Install Round Cable 1C - 100 m | C32: set | N32: 500004723 | O32: INSTALL ROUND CABLE 1C - 100 M | P32: Service
B33: Round Cable 1C - 150 m | C33: set | N33: 200002670 | O33: ROUND CABLE 1C - 150 M | P33: Material
B34: Install Round Cable 1C - 150 m | C34: set | N34: 500004724 | O34: INSTALL ROUND CABLE 1C - 150 M | P34: Service
B35: Round Cable 1C - 200 m | C35: set | N35: 200002671 | O35: ROUND CABLE 1C - 200 M | P35: Material
B36: Install Round Cable 1C - 200 m | C36: set | N36: 500004725 | O36: INSTALL ROUND CABLE 1C - 200 M | P36: Service
B37: Round Cable 1C - 250 m | C37: set | N37: 200002713 | O37: ROUND CABLE 1C - 250 M | P37: Material
B38: Install Round Cable 1C - 250 m | C38: set | N38: 500004777 | O38: INSTALL ROUND CABLE 1C - 250 M | P38: Service
B39: Round Cable 1C - 300 m | C39: set | N39: 200002714 | O39: ROUND CABLE 1C - 300 M | P39: Material
B40: Install Round Cable 1C - 300 m | C40: set | N40: 500004778 | O40: INSTALL ROUND CABLE 1C - 300 M | P40: Service
A41: B | B41: Fiber Distribution Terminal (FDT) SC/APC c/w Box, matrix terminal, Patchtray, Pigtail, label & accessories include concrete base | H41: =D41*F41 -> 0 | I41: =E41*G41 -> 0 | K41: =D41+E41 -> 0 | L41: =F41+G41 -> 0
B42: 48 cores capacity pole mounted FDT | C42: set | H42: =D42*F42 -> 0 | I42: =E42*G42 -> 0 | K42: =D42+E42 -> 0 | L42: =F42+G42 -> 0 | N42: 200001039 | O42: 48 CORES CAPACITY POLE MOUNTED FDT | P42: Material
B43: Instal 48 cores capacity pole mounted FDT | C43: set | I43: =E43*G43 -> 0 | K43: =D43+E43 -> 0 | L43: =F43+G43 -> 0 | N43: 500002053 | O43: INSTAL 48 CORES CAPACITY POLE FDT | P43: Service
B44: 72 cores capacity pole mounted FDT | C44: set | H44: =D44*F44 -> 0 | I44: =E44*G44 -> 0 | K44: =D44+E44 -> 0 | L44: =F44+G44 -> 0 | N44: 200001040 | O44: 72 CORES CAPACITY POLE MOUNTED FDT | P44: Material
B45: Instal 72 cores capacity pole mounted FDT | C45: set | H45: =D45*F45 -> 0 | I45: =E45*G45 -> 0 | K45: =D45+E45 -> 0 | L45: =F45+G45 -> 0 | N45: 500002054 | O45: INSTAL 72 CORES CAPACITY POLE FDT | P45: Service
B46: 96 cores capacity pole mounted FDT | C46: set | H46: =D46*F46 -> 0 | I46: =E46*G46 -> 0 | K46: =D46+E46 -> 0 | L46: =F46+G46 -> 0 | N46: 200001041 | O46: 96 CORES CAPACITY POLE MOUNTED FDT | P46: Material
B47: Instal 96 cores capacity pole mounted FDT | C47: set | H47: =D47*F47 -> 0 | I47: =E47*G47 -> 0 | K47: =D47+E47 -> 0 | L47: =F47+G47 -> 0 | N47: 500002055 | O47: INSTAL 96 CORES CAPACITY POLE FDT | P47: Service
B48: 144 cores capacity ground mounted FDT | C48: set | H48: =D48*F48 -> 0 | I48: =E48*G48 -> 0 | K48: =D48+E48 -> 0 | L48: =F48+G48 -> 0 | N48: 200001042 | O48: 144 CORES CAPACITY GROUND MOUNTED FDT | P48: Material
B49: Instal 144 cores capacity pole mounted FDT | C49: set | H49: =D49*F49 -> 0 | I49: =E49*G49 -> 0 | K49: =D49+E49 -> 0 | L49: =F49+G49 -> 0 | N49: 500002062 | O49: INSTAL 144 CORES CAPACITY POLE FDT | P49: Service
B50: 288 cores capacity ground mounted FDT | C50: set | H50: =D50*F50 -> 0 | I50: =E50*G50 -> 0 | K50: =D50+E50 -> 0 | L50: =F50+G50 -> 0 | N50: 200001043 | O50: 288 CORES CAPACITY GROUND MOUNTED FDT | P50: Material
B51: Instal 288 cores capacity pole mounted FDT | C51: set | H51: =D51*F51 -> 0 | I51: =E51*G51 -> 0 | K51: =D51+E51 -> 0 | L51: =F51+G51 -> 0 | N51: 500002073 | O51: INSTAL 288 CORES CAPACITY POLE FDT | P51: Service
B52: 576 cores capacity ground mounted FDT | C52: set | H52: =D52*F52 -> 0 | I52: =E52*G52 -> 0 | K52: =D52+E52 -> 0 | L52: =F52+G52 -> 0 | N52: 200001044 | O52: 576 CORES CAPACITY GROUND MOUNTED FDT | P52: Material
B53: Instal 576 cores capacity pole mounted FDT | C53: set | H53: =D53*F53 -> 0 | I53: =E53*G53 -> 0 | K53: =D53+E53 -> 0 | L53: =F53+G53 -> 0 | N53: 500002084 | O53: INSTAL 576 CORES CAPACITY POLE FDT | P53: Service
B54: Hub Box (With Splitter 1:2 Even) | C54: unit | N54: 200002672 | O54: HUB BOX (WITH SPLITTER 1:2 EVEN) | P54: Material
B55: Install Hub Box (With Splitter 1:2 Even) | C55: unit | N55: 500004726 | O55: INSTALL HUB BOX (WITH SPLITTER 1:2 EVEN) | P55: Service
A56: C | B56: Optical Splitter (Bracket Mount Type, SC/APC) | H56: =D56*F56 -> 0 | I56: =E56*G56 -> 0 | K56: =D56+E56 -> 0 | L56: =F56+G56 -> 0
B57: Splitter 1:4 | C57: unit | H57: =D57*F57 -> 0 | I57: =E57*G57 -> 0 | K57: =D57+E57 -> 0 | L57: =F57+G57 -> 0 | N57: 100000191 | O57: OPTIC SPLITTER 1:4 WITH SC/APC PIGTAILS | P57: Material
B58: Splitter 1:8 (Modular) | C58: unit | H58: =D58*F58 -> 0 | I58: =E58*G58 -> 0 | K58: =D58+E58 -> 0 | L58: =F58+G58 -> 0 | N58: 100000826 | O58: SPLITTER 1:8 | P58: Material
A59: D | B59: Micro Splitter (PLC Type) | H59: =D59*F59 -> 0 | I59: =E59*G59 -> 0 | K59: =D59+E59 -> 0 | L59: =F59+G59 -> 0
B60: Micro Splitter 1:4 | C60: unit | H60: =D60*F60 -> 0 | I60: =E60*G60 -> 0 | K60: =D60+E60 -> 0 | L60: =F60+G60 -> 0 | N60: 200001045 | O60: MICRO SPLITTER PLC TYPE 1:4 | P60: Material
B61: Micro Splitter 1:8 | C61: unit | H61: =D61*F61 -> 0 | I61: =E61*G61 -> 0 | K61: =D61+E61 -> 0 | L61: =F61+G61 -> 0 | N61: 200001046 | O61: MICRO SPLITTER PLC TYPE 1:8 | P61: Material
A62: E | B62: Fiber Access Terminal (FAT) c/w adapter, pigtail SC/APC, label & accessories | H62: =D62*F62 -> 0 | I62: =E62*G62 -> 0 | K62: =D62+E62 -> 0 | L62: =F62+G62 -> 0
B63: Pole mounted outdoor type (16 ports type) | C63: unit | H63: =D63*F63 -> 0 | I63: =E63*G63 -> 0 | K63: =D63+E63 -> 0 | L63: =F63+G63 -> 0 | N63: 200001047 | O63: FAT POLE MOUNTED TYPE (16 PORTS) | P63: Material
B64: Instal Pole mounted outdoor type (16 ports type) Pole | C64: unit | H64: =D64*F64 -> 0 | I64: =E64*G64 -> 0 | K64: =D64+E64 -> 0 | L64: =F64+G64 -> 0 | M64: 500002142 | N64: 500002142 | O64: INSTAL FAT POLE MOUNTED TYPE (16 PORTS) | P64: Service
B65: Pedestal ground mounted type (16 ports type) | C65: unit | H65: =D65*F65 -> 0 | I65: =E65*G65 -> 0 | K65: =D65+E65 -> 0 | L65: =F65+G65 -> 0 | N65: 100000824 | O65: PEDESTAL MOUNTED TYPE (16 PORTS) | P65: Material
B66: Instal Ground mounted outdoor type (16 ports type) | C66: unit | H66: =D66*F66 -> 0 | I66: =E66*G66 -> 0 | K66: =D66+E66 -> 0 | L66: =F66+G66 -> 0 | N66: 500002097 | O66: INSTAL FAT POLE MOUNTED TYPE (16 PORTS) | P66: Service
A67: F | B67: Underground Pedestal SPH920 Signature Series Type include accessories & concrete base | C67: unit | H67: =D67*F67 -> 0 | I67: =E67*G67 -> 0 | K67: =D67+E67 -> 0 | L67: =F67+G67 -> 0 | N67: 200000165 | O67: PEDESTAL | P67: Material
B68: Instalasi FAT Underground 8 Port | C68: unit | N68: 500004720 | O68: INSTALASI FAT UNDERGROUND 8 PORT | P68: Service
B69: Instalasi FAT Underground 16 Port | C69: unit | N69: 500004721 | O69: INSTALASI FAT UNDERGROUND 16 PORT | P69: Service
B70: Sub Box (With Splitter 1:9, Uneven 70/30) | C70: unit | N70: 200002673 | O70: SUB BOX (WITH SPLITTER 1:9, UNEVEN 70/30 | P70: Material
B71: Install Sub Box (With Splitter 1:9, Uneven) | C71: unit | N71: 500004727 | O71: INSTALL SUB BOX (WITHSPLITTER1:9,UNEVEN) | P71: Service
B72: End Box (With Splitter 1:8, Even) | C72: unit | N72: 200002674 | O72: END BOX (WITH SPLITTER 1:8, EVEN) | P72: Material
B73: Install End Box (With Splitter 1:8, Even) | C73: unit | N73: 500004728 | O73: INSTALL END BOX (WITH SPLITTER 1:8, EVEN | P73: Service
B74: Instal Underground Pedestal SPH920 Signature Series Type include accessories & concrete base | C74: unit | H74: =D74*F74 -> 0 | I74: =E74*G74 -> 0 | K74: =D74+E74 -> 0 | L74: =F74+G74 -> 0 | N74: 500002113 | O74: Instal PEDESTAL | P74: Service
A75: G | B75: Joint Closure | C75: unit | H75: =D75*F75 -> 0 | I75: =E75*G75 -> 0 | K75: =D75+E75 -> 0 | L75: =F75+G75 -> 0
B76: Fiber Optic Joint Closure Type In-line 24 Core | C76: unit | D76: ='BoM AE'!J23 -> 0 | H76: =D76*F76 -> 0 | I76: =E76*G76 -> 0 | K76: =D76+E76 -> 0 | L76: =F76+G76 -> 0 | N76: 200000182 | O76: FO JOINT CLOSURE TYPE IN-LINE 24 CORE | P76: Material
B77: Fiber Optic Joint Closure Type In-line 36 Core | C77: unit | D77: ='BoM AE'!J24 -> 0 | H77: =D77*F77 -> 0 | I77: =E77*G77 -> 0 | K77: =D77+E77 -> 0 | L77: =F77+G77 -> 0 | N77: 200001048 | O77: FO JOINT CLOSURE TYPE INLINE 36C | P77: Material
B78: Fiber Optic Joint Closure Type In-line 48 Core | C78: unit | D78: ='BoM AE'!J25 -> 0 | H78: =D78*F78 -> 0 | I78: =E78*G78 -> 0 | K78: =D78+E78 -> 0 | L78: =F78+G78 -> 0 | N78: 200000159 | O78: FO JOINT CLOSURE TYPE IN-LINE 48 CORE | P78: Material
B79: Fiber Optic Joint Closure Type In-line 72 Core | C79: unit | H79: - | I79: - | N79: 200000174 | O79: FO JOINT CLOSURE TYPE IN-LINE 72 CORE
B80: Fiber Optic Joint Closure Type In-line 96 Core | C80: unit | H80: =D80*F80 -> 0 | I80: =E80*G80 -> 0 | K80: =D80+E80 -> 0 | L80: =F80+G80 -> 0 | N80: 200000179 | O80: FO JOINT CLOSURE TYPE IN-LINE 96 CORE | P80: Material
B81: Fiber Optic Joint Closure Type In-line 144 Core | C81: unit | D81: ='BoM AE'!J28 -> 0 | H81: =D81*F81 -> 0 | I81: =E81*G81 -> 0 | K81: =D81+E81 -> 0 | L81: =F81+G81 -> 0 | N81: 200000186 | O81: FO JOINT CLOSURE TYPE IN-LINE 144 CORE | P81: Material
B82: Fiber Optic Joint Closure Type Inline 288 Core | C82: unit | H82: =D82*F82 -> 0 | I82: =E82*G82 -> 0 | K82: =D82+E82 -> 0 | L82: =F82+G82 -> 0 | N82: 200000155 | O82: FO JOINT CLOSURE TYPE IN-LINE 288 CORE | P82: Material
B83: Fiber Optic Joint Closure Type Dome 24 Core | C83: unit | D83: ='BoM AE'!J30 -> 0 | H83: =D83*F83 -> 0 | I83: =E83*G83 -> 0 | K83: =D83+E83 -> 0 | L83: =F83+G83 -> 0 | N83: 200000180 | O83: FO JOINT CLOSURE TYPE DOME 24 CORE | P83: Material
B84: Fiber Optic Joint Closure Type Dome 36 Core | C84: unit | H84: =D84*F84 -> 0 | I84: =E84*G84 -> 0 | K84: =D84+E84 -> 0 | L84: =F84+G84 -> 0 | N84: 200001049 | O84: FO JOINT CLOSURE TYPE DOME 36C | P84: Material
B85: Fiber Optic Joint Closure Type Dome 48 Core | C85: unit | D85: ='BoM AE'!J32 -> 0 | H85: =D85*F85 -> 0 | I85: =E85*G85 -> 0 | K85: =D85+E85 -> 0 | L85: =F85+G85 -> 0 | N85: 200000164 | O85: FO JOINT CLOSURE TYPE DOME 48 CORE | P85: Material
B86: Fiber Optic Joint Closure Type Dome 72 Core | C86: unit | H86: - | I86: - | N86: 200000178 | O86: FO JOINT CLOSURE TYPE DOME 72 CORE
B87: Fiber Optic Joint Closure Type Dome 96 Core | C87: unit | H87: =D87*F87 -> 0 | I87: =E87*G87 -> 0 | K87: =D87+E87 -> 0 | L87: =F87+G87 -> 0 | N87: 200000176 | O87: FO JOINT CLOSURE TYPE DOME 96 CORE | P87: Material
B88: Fiber Optic Joint Closure Type Dome 144 Core | C88: unit | D88: ='BoM AE'!J35 -> 0 | N88: 200000158 | O88: FO JOINT CLOSURE TYPE DOME 144 CORE | P88: Material
B89: Fiber Optic Joint Closure Type Dome 288 Core | C89: unit | N89: 200000156 | O89: FO JOINT CLOSURE TYPE DOME 288 CORE | P89: Material
A90: H | B90: Pigtail SM SC/APC | C90: pcs | H90: =D90*F90 -> 0 | I90: =E90*G90 -> 0 | K90: =D90+E90 -> 0 | L90: =F90+G90 -> 0 | N90: 200002408 | O90: PIGTAIL - SC/APC SM 1.5M | P90: Material
A91: U | B91: Connector SC/APC | C91: pcs | H91: =D91*F91 -> 0 | I91: =E91*G91 -> 0 | K91: =D91+E91 -> 0 | L91: =F91+G91 -> 0 | N91: 200001009 | O91: CONNECTOR SC/APC | P91: Material
A92: J | B92: Splicing | C92: core | E92: =SUM('BoM AE'!J64,'BoM AE'!J65) -> 0 | H92: =D92*F92 -> 0 | I92: =E92*G92 -> 0 | K92: =D92+E92 -> 0 | L92: =F92+G92 -> 0 | N92: 500000510 | O92: SPLICING FO | P92: Service
B93: Protector Sleeve | C93: pcs | H93: 0 | I93: 0 | K93: 0 | L93: 0 | N93: 200000232 | O93: Protector Sleeve | P93: Material | Q93: untuk HRB
A94: K | B94: Label Cable (on pole, in Handhole) | C94: pcs | D94: ='BoM AE'!J60 -> 0 | H94: =D94*F94 -> 0 | I94: =E94*G94 -> 0 | K94: =D94+E94 -> 0 | L94: =F94+G94 -> 0 | N94: 200000290 | O94: LABEL KABEL | P94: Material
A95: L | B95: Label FDT | C95: pcs | H95: =D95*F95 -> 0 | I95: =E95*G95 -> 0 | K95: =D95+E95 -> 0 | L95: =F95+G95 -> 0 | N95: 200000273 | O95: LABEL FDT | P95: Material
A96: M | B96: Label FAT (include QR Code) | C96: pcs | H96: =D96*F96 -> 0 | I96: =E96*G96 -> 0 | K96: =D96+E96 -> 0 | L96: =F96+G96 -> 0 | N96: 200000288 | O96: LABEL FAT | P96: Material
A97: N | B97: Label Pole | C97: pcs | D97: ='BoM AE'!J61 -> 0 | H97: =D97*F97 -> 0 | I97: =E97*G97 -> 0 | K97: =D97+E97 -> 0 | L97: =F97+G97 -> 0 | N97: 500001742 | O97: JASA PENGECETAN & LABEL TIANG BESERTA MA | P97: Material
A98: O | B98: Label Pedestal | C98: pcs | H98: =D98*F98 -> 0 | I98: =E98*G98 -> 0 | K98: =D98+E98 -> 0 | L98: =F98+G98 -> 0 | N98: 200000802 | O98: LABEL PEDESTAL | P98: Material
A99: P | B99: Bridge and River crossing | C99: meter | H99: =D99*F99 -> 0 | I99: =E99*G99 -> 0 | K99: =D99+E99 -> 0 | L99: =F99+G99 -> 0
B100: River crossing by self support | C100: meter | H100: =D100*F100 -> 0 | I100: =E100*G100 -> 0 | K100: =D100+E100 -> 0 | L100: =F100+G100 -> 0 | N100: 200001028 | O100: RIVER CROSSING BY SELF SUPPORT | P100: Material
B101: River crossing by attach to existing bridge | C101: set | H101: =D101*F101 -> 0 | I101: =E101*G101 -> 0 | K101: =D101+E101 -> 0 | L101: =F101+G101 -> 0 | N101: 200001011 | O101: RIVER CROSSING BY ATTACH TO BRIDGE | P101: Material
...

Sheet BoM AE
A1: BoM Cluster - | B1: ='BoQ NRO Cluster'!O3 -> APD - RANCA PANGGUNG RW 08 | C1: Qty | D1: Unit | E1: Remarks | H1: BoM - Main/Hub/Sub Feeder | I1: ='BoQ NRO All Feeder'!O3 -> XXX | J1: Qty | K1: Units | L1: Remarks
A2: Total Rute | B2: Line A - 24C/2T | C2: 484 | D2: m | E2: qty based on design | H2: Total Route to FDT | I2: 24C/2T | J2: 0 | K2: m | L2: qty based on design
B3: Line B - 24C/2T | C3: 490 | D3: m | E3: qty based on design | I3: 36C/3T | J3: 0 | K3: m | L3: qty based on design
B4: Line C - 24C/2T | C4: 0 | D4: m | E4: qty based on design | I4: 48C/4T | J4: 0 | K4: m | L4: qty based on design
B5: Line D - 24C/2T | C5: 0 | D5: m | E5: qty based on design | I5: 72C/6T | J5: 0 | K5: m | L5: qty based on design
B6: Line A - 36C/3T | C6: 0 | D6: m | E6: qty based on design | I6: 96C/8T | J6: 0 | K6: m | L6: qty based on design
B7: Line B - 36C/3T | C7: 0 | D7: m | E7: qty based on design | I7: 144C/12T | J7: 0 | K7: m | L7: auto based on formula
B8: Line C - 36C/3T | C8: 0 | D8: m | E8: qty based on design | I8: 288C/24T | J8: 0 | K8: m | L8: auto based on formula
B9: Line D - 36C/3T | C9: 0 | D9: m | E9: qty based on design | H9: Total Panjang Kabel to FDT (Slack + toleransi 5%) | I9: =I2 -> 24C/2T | J9: =ROUNDUP(((J2)+(J16*20))*1.05,0) -> 0 | K9: m | L9: auto based on formula
B10: Line A - 48C/4T | C10: 0 | D10: m | E10: qty based on design | I10: =I3 -> 36C/3T | J10: =ROUNDUP(((J3)+(J17*20))*1.05,0) -> 0 | K10: m | L10: auto based on formula
B11: Line B - 48C/4T | C11: 0 | D11: m | E11: qty based on design | I11: =I4 -> 48C/4T | J11: =ROUNDUP(((J4)+(J18*20))*1.05,0) -> 0 | K11: m | L11: auto based on formula
B12: Line C - 48C/4T | C12: 0 | D12: m | E12: qty based on design | I12: 72C/6T | J12: =ROUNDUP(((J5)+(J19*20))*1.05,0) -> 0 | K12: m | L12: auto based on formula
B13: Line D - 48C/4T | C13: 0 | D13: m | E13: qty based on design | I13: 96C/8T | J13: =ROUNDUP(((J6)+(J20*20))*1.05,0) -> 0 | K13: m | L13: auto based on formula
A14: Total Rute | C14: =SUM(C2:C13) -> 974 | D14: m | E14: auto (based on formula) | I14: =I7 -> 144C/12T | J14: =ROUNDUP(((J7)+(J21*20))*1.05,0) -> 0 | K14: m | L14: auto based on formula
B15: Rute Strand Wire | C15: =64+42+41+39 -> 186 | D15: m | E15: qty based on design | I15: =I8 -> 288C/24T | J15: =ROUNDUP(((J8)+(J22*20))*1.05,0) -> 0 | K15: m | L15: auto based on formula
A16: Total Panjang Kabel (Slack + Toleransi 5%) | B16: =B2 -> Line A - 24C/2T | C16: =IF(C2=0,0,(ROUNDUP(((C2)+($C$44+$C$40)*20)*1.05,0))) -> 614 | D16: m | E16: auto (based on formula) | H16: Total Coil / Slack | I16: =I2 -> 24C/2T | J16: =IF(J2=0,0,(ROUNDUP((J2/400)+1,0))) -> 0 | K16: pcs | L16: auto based on formula
B17: =B3 -> Line B - 24C/2T | C17: =IF(C3=0,0,(ROUNDUP(((C3)+($C$45+$C$41)*20)*1.05,0))) -> 662 | D17: m | E17: auto (based on formula) | I17: =I3 -> 36C/3T | J17: =IF(J3=0,0,(ROUNDUP((J3/400)+1,0))) -> 0 | K17: pcs | L17: qty based on design
B18: =B4 -> Line C - 24C/2T | C18: =IF(C4=0,0,(ROUNDUP(((C4)+($C$46+$C$42)*20)*1.05,0))) -> 0 | D18: m | E18: auto (based on formula) | I18: =I4 -> 48C/4T | J18: =IF(J4=0,0,(ROUNDUP((J4/400)+1,0))) -> 0 | K18: pcs | L18: qty based on design
B19: =B5 -> Line D - 24C/2T | C19: =IF(C5=0,0,(ROUNDUP(((C5)+($C$47+$C$43)*20)*1.05,0))) -> 0 | D19: m | E19: auto (based on formula) | I19: 72C/6T | J19: =IF(J5=0,0,(ROUNDUP((J5/400)+1,0))) -> 0 | K19: pcs | L19: qty based on design
B20: =B6 -> Line A - 36C/3T | C20: =IF(C6=0,0,(ROUNDUP(((C6)+($C$44+$C$40)*20)*1.05,0))) -> 0 | D20: m | E20: auto (based on formula) | I20: 96C/8T | J20: =IF(J6=0,0,(ROUNDUP((J6/400)+1,0))) -> 0 | K20: pcs | L20: qty based on design
B21: =B7 -> Line B - 36C/3T | C21: =IF(C7=0,0,(ROUNDUP(((C7)+($C$45+$C$41)*20)*1.05,0))) -> 0 | D21: m | E21: auto (based on formula) | I21: =I7 -> 144C/12T | J21: =IF(J7=0,0,(ROUNDUP((J7/400)+1,0))) -> 0 | K21: pcs | L21: qty based on design
B22: =B8 -> Line C - 36C/3T | C22: =IF(C8=0,0,(ROUNDUP(((C8)+($C$46+$C$42)*20)*1.05,0))) -> 0 | D22: m | E22: auto (based on formula) | I22: =I8 -> 288C/24T | J22: =IF(J8=0,0,(ROUNDUP((J8/400)+1,0))) -> 0 | K22: pcs | L22: qty based on design
B23: =B9 -> Line D - 36C/3T | C23: =IF(C9=0,0,(ROUNDUP(((C9)+($C$47+$C$43)*20)*1.05,0))) -> 0 | D23: m | E23: auto (based on formula) | H23: Closure | I23: Fiber Optic Joint Closure Type In-line 24 Core | J23: 0 | K23: units | L23: qty based on design
B24: =B10 -> Line A - 48C/4T | C24: =IF(C10=0,0,(ROUNDUP(((C10)+($C$44+$C$40)*20)*1.05,0))) -> 0 | D24: m | E24: auto (based on formula) | I24: Fiber Optic Joint Closure Type In-line 36 Core | J24: 0 | K24: units | L24: qty based on design
B25: =B11 -> Line B - 48C/4T | C25: =IF(C11=0,0,(ROUNDUP(((C11)+($C$45+$C$41)*20)*1.05,0))) -> 0 | D25: m | E25: auto (based on formula) | I25: Fiber Optic Joint Closure Type In-line 48 Core | J25: 0 | K25: units | L25: qty based on design
B26: =B12 -> Line C - 48C/4T | C26: =IF(C12=0,0,(ROUNDUP(((C12)+($C$46+$C$42)*20)*1.05,0))) -> 0 | D26: m | E26: auto (based on formula) | I26: Fiber Optic Joint Closure Type In-line 72 Core | J26: 0 | K26: units | L26: qty based on design
B27: =B13 -> Line D - 48C/4T | C27: =IF(C13=0,0,(ROUNDUP(((C13)+($C$47+$C$43)*20)*1.05,0))) -> 0 | D27: m | E27: auto (based on formula) | I27: Fiber Optic Joint Closure Type In-line 96 Core | J27: 0 | K27: units | L27: qty based on design
A28: Total Panjang Cable | C28: =SUM(C16:C27) -> 1276 | D28: m | E28: auto (based on formula) | I28: Fiber Optic Joint Closure Type In-line 144 Core | J28: 0 | K28: units | L28: qty based on design
B29: Panjang Strand Wire + toleransi 5% | C29: =ROUNDUP(((C15*5%)+C15),0) -> 196 | D29: m | E29: auto (based on formula) | I29: Fiber Optic Joint Closure Type In-line 288 Core | J29: 0 | K29: units | L29: qty based on design
A30: Total FDT Pole Mounted | B30: FDT Pole Mounted 48 core | C30: 1 | D30: set | E30: qty based on design | I30: Fiber Optic Joint Closure Type Dome 24 Core | J30: 0 | K30: units | L30: qty based on design
B31: FDT Pole Mounted 72 core | C31: 0 | D31: set | E31: qty based on design | I31: Fiber Optic Joint Closure Type Dome 36 Core | J31: 0 | K31: units | L31: auto based on formula
B32: FDT Pole Mounted 96 core | C32: 0 | D32: set | E32: qty based on design | I32: Fiber Optic Joint Closure Type Dome 48 Core | J32: 0 | K32: units | L32: auto based on formula
B33: FDT Ground Mounted 144 core | C33: 0 | D33: set | E33: qty based on design | I33: Fiber Optic Joint Closure Type Dome 72 Core | J33: 0 | K33: units | L33: auto based on formula
A34: Total Splitter | B34: Modular 1:8 di FDT | C34: =(ROUNDUP((C35/8),0)) -> 2 | D34: unit | E34: auto (based on formula) | I34: Fiber Optic Joint Closure Type Dome 96 Core | J34: 0 | K34: units | L34: auto based on formula
B35: FAT 1:8 | C35: =SUM(C36:C39) -> 10 | D35: unit | E35: auto (based on formula) | I35: Fiber Optic Joint Closure Type Dome 144 Core | J35: 0 | K35: units | L35: auto based on formula
A36: Total FAT | B36: Line A | C36: 4 | D36: unit | E36: qty based on design | I36: Fiber Optic Joint Closure Type Dome 288 Core | J36: 0 | K36: units | L36: auto based on formula
B37: Line B | C37: 6 | D37: unit | E37: qty based on design | H37: Accessoris (1 set every acc) | I37: Cable loop holder/plat strip/Cable hanger | J37: =SUM(J16:J22) -> 0 | K37: pcs | L37: qty based on design
B38: Line C | C38: 0 | D38: unit | E38: qty based on design | I38: 1. Plate belt 20mm | J38: =J37*4 -> 0 | K38: pcs | L38: auto based on formula
B39: Line D | C39: 0 | D39: unit | E39: qty based on design | I39: 2. Suspension clamp | J39: =ROUNDUP((SUM(J49,J52,J53,J54,J55,J58,J59)*20%),0) -> 0 | K39: pcs | L39: auto based on formula
A40: Total Slack di FDT | B40: =B36 -> Line A | C40: =IF(C36>=1,1,0) -> 1 | D40: slack | E40: auto (based on formula) | I40: 3. Buldog grip | J40: =(J48/40)*6 -> 0 | K40: pcs | L40: qty based on design
B41: =B37 -> Line B | C41: =IF(C37>=1,1,0) -> 1 | D41: slack | E41: auto (based on formula) | I41: 7.Clamps Dead end Fittings/clamp buaya | J41: =J45*2 -> 0 | K41: pcs | L41: qty based on design
B42: =B38 -> Line C | C42: =IF(C38>=1,1,0) -> 0 | D42: slack | E42: auto (based on formula) | I42: 8. Bahan Pondasi tiang | J42: =SUM(J49:J54) -> 0 | K42: pcs | L42: qty based on design
B43: =B39 -> Line D | C43: =IF(C39>=1,1,0) -> 0 | D43: slack | E43: auto (based on formula) | I43: 5. Clamp 8 (Clamp Gantung) | J43: 0 | K43: pcs | L43: qty based on design
A44: Total Slack di FAT | B44: =B36 -> Line A | C44: =C36 -> 4 | D44: slack | E44: auto (based on formula) | I44: 6. Pole clamp single | J44: =SUM(J49:J59)-J39 -> 0 | K44: pcs | L44: qty based on design
B45: =B37 -> Line B | C45: =C37 -> 6 | D45: slack | E45: auto (based on formula) | I45: 9. Steel clamp | J45: =J39 -> 0 | K45: pcs | L45: qty based on design
B46: =B38 -> Line C | C46: =C38 -> 0 | D46: slack | E46: auto (based on formula) | I46: 13. HELICAL DEAD END DIAMETER 15.7-17.0 MM | J46: 0 | K46: pcs | L46: qty based on design
B47: =B39 -> Line D | C47: =C39 -> 0 | D47: slack | E47: auto (based on formula) | I47: 14. Extention Arm | J47: 0 | K47: pcs | L47: qty based on design
A48: Panjang Slack | C48: =SUM(C40:C47)*20 -> 240 | D48: m | E48: auto (based on formula) | H48: Strand Wire | K48: meter | L48: qty based on design
A49: Label | B49: Label Cable | C49: =SUM(C53:C61)*10% -> 2.7 | D49: pcs | E49: auto (based on formula) | H49: Pole | I49: New Pole 7m 4" | J49: 0 | K49: units | L49: qty based on design
B50: Label FDT | C50: =SUM(C30:C33) -> 1 | D50: pcs | E50: auto (based on formula) | I50: New Pole 7m 3" | J50: 0 | K50: units | L50: auto based on formula
B51: Label FAT include QR code | C51: =SUM(C36:C39) -> 10 | D51: pcs | E51: auto (based on formula) | I51: New Pole 7m 2.5" | J51: 0 | K51: units | L51: auto based on formula
B52: Label Pole | C52: =SUM(C53:C58) -> 6 | D52: pcs | E52: auto (based on formula) | I52: New Pole 7m 5" | K52: units | L52: qty based on design
A53: Pole | B53: 7m 5" (for Distribution Pole / FDT Pole) | D53: unit | E53: qty based on design | I53: New Pole 9m 4" | J53: 0 | K53: units | L53: qty based on design
B54: 7m 4" (for Feeder Pole / FDT Pole) | C54: 0 | D54: unit | E54: qty based on design | I54: New Pole 9m 5" | K54: units
B55: 7m 3" (for Distribution Pole/Home Connect) | C55: 1 | D55: unit | E55: qty based on design | I55: Existing Pole LN | J55: 0 | K55: units
B56: 7m 2.5" | C56: =4+1 -> 5 | D56: unit | I56: Existing Pole TELKOM | J56: 0 | K56: units
B57: 9m 5" (for crossing roads) | D57: unit | E57: qty based on design | I57: Existing Pole PEMKOT | J57: 0 | K57: units | L57: auto based on formula
B58: 9m 4" (for crossing roads) | C58: 0 | D58: unit | E58: qty based on design | I58: Existing Pole SIMS | J58: 0 | K58: units | L58: qty based on design
B59: Existing Pole LN | C59: 0 | D59: unit | E59: qty based on design | I59: Existing Pole EMR | J59: 0 | K59: units | L59: qty based on design
B60: Existing Pole MTI | C60: 0 | D60: unit | E60: qty based on design | H60: Label | I60: Label Cable | J60: =SUM(J49:J59) -> 0 | K60: pcs | L60: qty based on design
B61: Existing Pole MR | C61: =10+11 -> 21 | D61: unit | E61: qty based on design | I61: Lable Pole | J61: =SUM(J49:J54) -> 0 | K61: pcs | L61: qty based on design UG, sesuai rute cable sub feeder
A62: Accessoris (1 set every acc) | B62: Cable loop holder/plat strip/Cable hanger | C62: =SUM(C40:C47) -> 12 | D62: pcs | E62: auto (based on formula) | H62: Total Core | I62: Total Core MF/HF | J62: 0 | K62: core | L62: auto based on formula
B63: 1. Plate belt 20mm | C63: =(SUM(C36:C39)+SUM(C30:C33))*4 -> 44 | D63: pcs | E63: auto (based on formula) | I63: Total Core SF | J63: 0 | K63: core | L63: qty based on design
B64: 2. Suspension clamp | C64: =SUM(C53,C54,C55,C57,C58,C59,C60,C61)*20% -> 4.4 | D64: pcs | E64: auto (based on formula) | H64: Splicing | I64: Splicing Joint Closure MF/HF | J64: =J62*(SUM(J23:J36)+1) -> 0 | K64: core | L64: auto based on formula
B65: 3. Buldog grip | C65: =(C29/40)*6 -> 29.4 | D65: pcs | E65: auto (based on formula) | I65: Splicing Joint Closure SF | J65: =J63*2 -> 0 | K65: core | L65: qty based on design
B66: 7.Clamps Dead end Fittings/clamp buaya | C66: =C69*2 -> 45.2 | D66: pcs | E66: auto (based on formula) | I66: Bahan pondasi tiang | J66: =SUM(J49:J54) -> 0 | K66: units | L66: qty based on design
B67: 8. Bahan Pondasi tiang | C67: =SUM(C53:C58) -> 6 | D67: pcs | E67: auto (based on formula) | H67: Trenching | I67: Pekerjaan Trenching 150cm depth | K67: meter
B68: 5. Clamp 8 (Clamp Gantung) | C68: 0 | D68: pcs | E68: qty based on design (untuk implementasi long span, diinstal per 2 m) | I68: Boring manual 150cm | K68: meter
B69: 6. Pole clamp single | C69: =SUM(C53:C61)-C64 -> 22.6 | D69: pcs | E69: auto (based on formula) | I69: Boring manual Crossing | K69: meter
B70: 9. Steel clamp | C70: =C64 -> 4.4 | D70: pcs | E70: auto (based on formula) | H70: Subduct | I70: Sub Duct / HDPE 40/34 warna Ungu, 3 Strip Putih | J70: 0 | K70: meter
B71: 13. HELICAL DEAD END DIAMETER 15.7-17.0 MM | C71: 0 | D71: pcs | E71: qty based on design | I71: Toleransi panjang Sub Duct 40/34 | J71: =ROUNDUP((J70*10%)+J70,0) -> 0 | K71: meter
B72: 14. Extention Arm | C72: 0 | D72: pcs | E72: qty based on design | H72: Total Concrete HH | I72: FDT : 80 x 80 x 130 cm | K72: meter
A73: Splicing | B73: at FDT | C73: =C74 -> 10 | D73: core | E73: auto (based on formula) | H73: Socket HDPE | I73: Socket HDPE 40/34 | J73: =IF(J71>200,(J70/200),(J691)) -> 0 | K73: pcs | L73: qty based on design
B74: at FAT | C74: =SUM(C36:C39) -> 10 | D74: core | E74: auto (based on formula) | H74: Total Concrete HH | I74: FDT : 80 x 80 x 130 cm | K74: meter | L74: qty based on design
H75: Warning tape | I75: (Tulisan KABEL MY REPUBLIC) | K75: meter
A76: 10. Testcom FAT | B76: Total FAT | C76: =C35 -> 10 | E76: auto (based on formula) | H76: Galvanize pipe (diameter 2 inch) | I76: riser pipe | J76: 0 | K76: meter
A77: 11. Testcom FDT | B77: Total FDT | C77: =C34 -> 2 | E77: auto (based on formula) | H77: Galvanize pipe (diameter 3 inch) | I77: riser pipe | J77: 0 | K77: meter
A79: Survey and Design | B79: Total rute survey | C79: =SUM(C28:C29) -> 1472 | D79: m | E79: auto (based on formula)
A80: Project Management | C80: =C79 -> 1472 | D80: m | E80: auto (based on formula)
B81: Cable Looping/Tektok | D81: m | E81: qty based on design
A83: Pekerjaan Galian | B83: Pekerjaan Trenching 30-80 cm | D83: meter | E83: qty based on design
B84: Boring manual 150cm | D84: meter | E84: qty based on design
B85: Boring manual Crossing | D85: meter | E85: qty based on design
B86: Sub Duct / HDPE 32/28 warna hitam, 3 strip ungu | D86: m | E86: qty based on design
B87: Sub Duct / HDPE 40/34 warna Ungu, 3 Strip Putih | D87: m | E87: qty based on design
A88: Toleransi
B89: Sub Duct / HDPE 32/28 warna hitam, 3 strip ungu | C89: =ROUNDUP((C86*10%)+C86,0) -> 0 | D89: m | E89: auto (based on formula)
B90: Sub Duct / HDPE 40/34 warna Ungu, 3 Strip Putih | C90: =ROUNDUP((C87*10%)+C87,0) -> 0 | D90: m | E90: auto (based on formula)
A91: Socket HDPE | B91: Socket HDPE 32/28 | C91: =C89/200 -> 0 | D91: pcs | E91: auto (based on formula)
B92: Socket HDPE 40/34 | C92: =C90/200 -> 0 | D92: pcs | E92: auto (based on formula)
A93: Total Precast HH | B93: FDT : 80 x 80 x 130 cm | D93: unit | E93: qty based on design
B94: FAT : 40 x 40 x 60 cm | D94: unit | E94: qty based on design
B95: HH pit : 20x20x20 cm | D95: unit | E95: qty based on design
B96: Underground Pedestal SPH920 | D96: unit | E96: qty based on design
A97: Total Concrete HH | B97: FDT : 80 x 80 x 130 cm | D97: meter | E97: qty based on design
B98: FAT : 40 x 40 x 60 cm | D98: meter | E98: qty based on design
B99: HH pit : 20x20x20 cm | D99: meter | E99: qty based on design
A100: Label HandHole | C100: =C97 -> 0 | D100: pcs | E100: auto (based on formula)
A101: Warning tape | B101: (Tulisan KABEL MY REPUBLIC) | D101: meter | E101: qty based on design
A102: Tambang pancing/Roding rope | B102: Tambang pancing/Roding rope | C102: =C90 -> 0 | D102: meter | E102: auto (based on formula)
...

Sheet CALCULATOR
A1: Type | B1: Percentage | C1: Result
A2: Vendor Name | C2: YOFC International Indonesia | D2: ← Select Dropdown List
A3: Permit | C3: 25000000 | F3: 0.9735
A4: PPh | B4: =VLOOKUP(C2,'[1]Vendor List'!A2:B100,2,0) -> 0.0265 | C4: =INT(C3/(1-B4)) -> 25680534 | E4: =C4*B4 -> 680534.15 | F4: 1
A5: Management Fee | B5: 0 | C5: =C3*B5 -> 0 | E5: =C3+E4 -> 25680534
A6: Total | C6: =C4+C5 -> 25680534
